<?xml version="1.0" encoding="UTF-8" ?>
<!DOCTYPE mapper
    PUBLIC "-//mybatis.org//DTD Mapper 3.0//EN"
    "http://mybatis.org/dtd/mybatis-3-mapper.dtd">

<mapper namespace="com.company.haloshop.item.ItemImageMapper">

    <!-- 이미지 등록 -->
    <insert id="insert" parameterType="ItemImage">
        INSERT INTO items_image (items_id, url)
        VALUES (#{itemsId}, #{url})
    </insert>

    <!-- 해당 상품 이미지 조회 -->
    <select id="findByItemsId" parameterType="long" resultType="ItemImage">
        SELECT * FROM items_image WHERE items_id = #{itemsId}
    </select>

    <!-- 이미지 개별 삭제 -->
    <delete id="delete" parameterType="long">
        DELETE FROM items_image WHERE id = #{id}
    </delete>

    <!-- 상품 삭제 시 이미지 일괄 삭제 -->
    <delete id="deleteByItemsId" parameterType="long">
        DELETE FROM items_image WHERE items_id = #{itemsId}
    </delete>

</mapper>
