<?xml version="1.0" encoding="UTF-8" ?>
<!DOCTYPE mapper
    PUBLIC "-//mybatis.org//DTD Mapper 3.0//EN"
    "http://mybatis.org/dtd/mybatis-3-mapper.dtd">

<mapper namespace="com.company.haloshop.item.ItemMapper">

    <!-- 상품 등록 -->
    <insert id="insert" parameterType="Item">
        INSERT INTO items (name, description, price, team_id, category_id)
        VALUES (#{name}, #{description}, #{price}, #{teamId}, #{categoryId})
    </insert>

    <!-- 상품 목록 조회 -->
    <select id="findAll" resultType="Item">
        SELECT * FROM items ORDER BY id DESC
    </select>

    <!-- 상품 상세 조회 -->
    <select id="findById" parameterType="long" resultType="Item">
        SELECT * FROM items WHERE id = #{id}
    </select>

    <!-- 상품 수정 -->
    <update id="update" parameterType="Item">
        UPDATE items
        SET name = #{name},
            description = #{description},
            price = #{price},
            team_id = #{teamId},
            category_id = #{categoryId}
        WHERE id = #{id}
    </update>

    <!-- 상품 삭제 -->
    <delete id="delete" parameterType="long">
        DELETE FROM items WHERE id = #{id}
    </delete>

</mapper>
